name,description,price,salePrice,offerPrice,offerFrom,offerTo,image,images,category_top,category_child1,category_child2,categories,category,sku,brand,stock,specs,garancia,modeli
Access Point Wireless TP-Link N-YL-WA801ND AM,,4690,,,,,,,KOMPJUTERA,AKSESORE KOMPJUTERI,NETWORK,,,B0ACPOWITPLTLWA801NDAM,TP-LINK,6,,36,N-YL-WA801ND
Adaptor Gembird Display to VGA,,990,,,,,,,TELEFONIA,SMARTPHONE,AKSESORE SMARTPHONE,,,B0ANGBDPTOVGAWAM,GEMBIRD,,,0,A05028
Adaptor Ugreen USB-A to USB-C Grey,,590,,,,,,,TELEFONIA,SMARTPHONE,AKSESORE SMARTPHONE,,,B0ANUGUSBAUSBCG,UGREEN,,,0,A18933
Adaptor Bluetooth Ugreen USB ,,990,,,,,,,KOMPJUTERA,PC,AKSESORE,,,B0ANUGUSBBTADAM,UGREEN,,,0,A18127
Antene Netis Wireless N USB WF2119C,,990,,,,,,,KOMPJUTERA,AKSESORE KOMPJUTERI,NETWORK,,,B0ANWANWF2119CI,NETIS,,,12,WF2119C
Barcode Skaner Zebra DS2208-SR7U2100AZW,,16990,,,,,,,KOMPJUTERA,PRINTERA,PRINTER TERMAL,,,B0BASKZDS2208SR7U2100AZW,ZEBRA,,,12,DS2208-SR7U2100AZW
Bokse BOSE Soundlink Micro Bluetooth Black,,19900,,,,,,,TV & AUDIO,HI-FI,BOKSE BLUETOOTH,,,B0BOBOSESMB178334201,BOSE,,,24,SOUNDLINK MIC BLUETOOTH BLACK
Bokse BOSE Soundlink Micro Bluetooth Orange,,16900,,,,,,,TV & AUDIO,HI-FI,BOKSE BLUETOOTH,,,B0BOBOSESMO178334209,BOSE,,,24,SOUNDLINK MIC BLUETOOTH ORANGE
Bokse Pleomax 2.0 S-220BU,,1990,,,,,,,KOMPJUTERA,AKSESORE KOMPJUTERI,,,,B0BOPLS220BU,PLEOMAX,,,0,2.0 S-220BU
Boje printeri Canon GI490 Magenta PK,,1290,,,,,,,KOMPJUTERA,PRINTERA,BOJE PRINTERI,,,B0BOPRCAGI490MGPK,CANON,,,0,GI490
